prompt,rate
"Role:  Maliban cream cracker, User Description: As a college student, I'm eager to adopt healthier eating habits that support my academic success and overall well-being. I'm looking for budget-friendly meal ideas and snacks to keep me energized throughout the day.",good
"Role: Food Enthusiast Exploring Nutritious Options, User Description: With a passion for cooking and experimenting in the kitchen, I'm excited to discover new ways to incorporate nutritious ingredients into my meals. I'm seeking creative recipes and flavor combinations that prioritize health without sacrificing taste.",good
"Role: Cocacola, User Description: I've been diagnosed with Type 2 diabetes for about 3 years now. I'm trying to manage my blood sugar levels through diet and exercise, but I often struggle to find meals that are both tasty and suitable for my condition.",bad
"Role:  Cocacola, User Description: Despite being active and maintaining a regular workout routine, I recently found out that my cholesterol levels are higher than they should be. I'm looking for foods that can help me keep my cholesterol in check without compromising on flavor.",moderate
"Role:  Cocacola, User Description: As a pregnant woman with gestational diabetes, I'm constantly monitoring my blood sugar levels to ensure the health of both myself and my baby. I need recommendations for nutrient-rich foods that won't spike my blood sugar too much.",bad
"Role:  Cocacola, User Description: Juggling a demanding job and a hectic schedule, I often rely on quick and convenient meals. However, I've recently been diagnosed with hypertension and need to make healthier choices to manage my blood pressure effectively.",moderate
"Role:  Cocacola, User Description: As an athlete with celiac disease, fueling my body with the right foods is crucial for optimal performance. I'm seeking gluten-free options that provide the energy and nutrients I need to excel in my sport.",bad
"Role:  Cocacola, User Description: Having been diagnosed with osteoporosis, I'm mindful of my bone health and the importance of getting enough calcium and vitamin D in my diet. I'm looking for foods that are rich in these nutrients to support my bone strength.",bad
"Role: Cocacola, User Description: As a vegetarian with iron deficiency anemia, I'm aware of the challenges of meeting my nutritional needs without consuming meat. I need recommendations for plant-based sources of iron that are easy to incorporate into my meals.",bad
"Role:  Cocacola, User Description: Living with severe allergies to peanuts and dairy products, I'm constantly cautious about what I eat to avoid any potential reactions. I'm searching for allergen-free snacks and meals that are safe for me to enjoy.",good
"Role:  Cocacola, User Description: Dealing with the symptoms of irritable bowel syndrome (IBS) can be challenging, especially when it comes to finding foods that won't trigger flare-ups. I'm in need of low-FODMAP options that are gentle on my digestive system.",moderate
"Role: Cocacola, User Description: As a parent of a child with ADHD, I'm interested in learning about the impact of diet on behavior and focus. I'm seeking nutritious foods that can potentially help manage ADHD symptoms and support cognitive function.",moderate
"Role:Cocacola, User Description: As a college student, I'm eager to adopt healthier eating habits that support my academic success and overall well-being. I'm looking for budget-friendly meal ideas and snacks to keep me energized throughout the day.",good
"Role: Cocacola, User Description: With a passion for cooking and experimenting in the kitchen, I'm excited to discover new ways to incorporate nutritious ingredients into my meals. I'm seeking creative recipes and flavor combinations that prioritize health without sacrificing taste.",good
"Role: Maliban Gold Marie, User Description: As someone who enjoys snacking on biscuits but is conscious about sugar intake, I'm on the lookout for tasty yet low-sugar biscuit varieties. I'm interested in recommendations for healthier alternatives that still satisfy my cravings.",moderate
"Role: Maliban Gold Marie, User Description: With school lunches to prepare, I'm searching for biscuits that are both kid-friendly and nutritious. I need options that are lower in sugar and made with wholesome ingredients to keep my children energized throughout the day.",moderate
"Role: Maliban Gold Marie, User Description: As someone who hits the gym regularly, I'm in need of convenient pre-workout snacks that provide a quick energy boost without weighing me down. I'm curious about biscuits that offer a balance of carbs and protein for optimal performance.",moderate
"Role: Maliban Gold Marie, User Description: Following a gluten-free diet due to sensitivity or preference, I'm seeking gluten-free biscuit alternatives that don't compromise on taste or texture. I'm eager to discover new brands and flavors to add to my pantry.",good
"Role: Maliban Gold Marie, User Description: Dealing with dental issues like sensitive teeth, I'm in search of soft biscuits that are gentle on my mouth yet still enjoyable to eat. I need options that are easy to chew and won't cause discomfort during snacking.",good
"Role: Yeti BlastIiconic drink, User Description: With a demanding work schedule, I often rely on energy drinks to stay alert and focused. However, I'm aware of the potential health risks associated with excessive consumption and am looking for healthier alternatives to keep me energized throughout the day.",good
"Role: Yeti BlastIiconic drink, User Description: As a parent, I'm concerned about the amount of sugar in my children's beverages and want to make healthier choices for their hydration. I'm interested in sugar-free drink alternatives that are still flavorful and appealing to kids.",moderate
"Role: Yeti BlastIiconic drink, User Description: Training for upcoming competitions requires intense physical exertion, leading to significant fluid and electrolyte loss. I'm searching for sports drinks that can help replenish electrolytes and hydrate my body effectively during workouts and competitions.",good
"Role: Yeti BlastIiconic drink, User Description: With a focus on holistic wellness, I'm exploring the benefits of herbal teas for hydration and relaxation. I'm curious about different herbal tea blends that offer unique flavors and potential health benefits.",bad
Role: Yeti BlastIiconic drink: Organizing events and gatherings requires a variety of beverage options to cater to different preferences and dietary restrictions. I'm in need of non-alcoholic drink suggestions that are suitable for guests of all ages and tastes.,good
"Role: Maliban Bran Cracker, User Description: As someone who enjoys snacking on biscuits but is conscious about sugar intake, I'm on the lookout for tasty yet low-sugar biscuit varieties. I'm interested in recommendations for healthier alternatives that still satisfy my cravings.",good
"Role: Maliban Bran Cracker, User Description: With school lunches to prepare, I'm searching for biscuits that are both kid-friendly and nutritious. I need options that are lower in sugar and made with wholesome ingredients to keep my children energized throughout the day.",good
"Role: Maliban Bran Cracker, User Description: As someone who hits the gym regularly, I'm in need of convenient pre-workout snacks that provide a quick energy boost without weighing me down. I'm curious about biscuits that offer a balance of carbs and protein for optimal performance.",good
"Role: Maliban Bran Cracker, User Description: Following a gluten-free diet due to sensitivity or preference, I'm seeking gluten-free biscuit alternatives that don't compromise on taste or texture. I'm eager to discover new brands and flavors to add to my pantry.",good
"Role: Maliban Bran Cracker, User Description: Dealing with dental issues like sensitive teeth, I'm in search of soft biscuits that are gentle on my mouth yet still enjoyable to eat. I need options that are easy to chew and won't cause discomfort during snacking.",moderate
"Role: Maliban real chocolate cream buiscuit, User Description: As someone who enjoys snacking on biscuits but is conscious about sugar intake, I'm on the lookout for tasty yet low-sugar biscuit varieties. I'm interested in recommendations for healthier alternatives that still satisfy my cravings.",bad
"Role: Maliban real chocolate cream buiscuit, User Description: With school lunches to prepare, I'm searching for biscuits that are both kid-friendly and nutritious. I need options that are lower in sugar and made with wholesome ingredients to keep my children energized throughout the day.",moderate
"Role: Maliban real chocolate cream buiscuit, User Description: As someone who hits the gym regularly, I'm in need of convenient pre-workout snacks that provide a quick energy boost without weighing me down. I'm curious about biscuits that offer a balance of carbs and protein for optimal performance.",moderate
"Role: Maliban real chocolate cream buiscuit, User Description: Following a gluten-free diet due to sensitivity or preference, I'm seeking gluten-free biscuit alternatives that don't compromise on taste or texture. I'm eager to discover new brands and flavors to add to my pantry.",bad
"Role: Maliban real chocolate cream buiscuit, User Description: Dealing with dental issues like sensitive teeth, I'm in search of soft biscuits that are gentle on my mouth yet still enjoyable to eat. I need options that are easy to chew and won't cause discomfort during snacking.",moderate
"Role: Redbull drink, User Description: With a demanding work schedule, I often rely on energy drinks to stay alert and focused. However, I'm aware of the potential health risks associated with excessive consumption and am looking for healthier alternatives to keep me energized throughout the day.",moderate
"Role: Redbull drink, User Description: As a parent, I'm concerned about the amount of sugar in my children's beverages and want to make healthier choices for their hydration. I'm interested in sugar-free drink alternatives that are still flavorful and appealing to kids.",bad
"Role: Redbull drink, User Description: Training for upcoming competitions requires intense physical exertion, leading to significant fluid and electrolyte loss. I'm searching for sports drinks that can help replenish electrolytes and hydrate my body effectively during workouts and competitions.",good
"Role:Redbull drink, User Description: With a focus on holistic wellness, I'm exploring the benefits of herbal teas for hydration and relaxation. I'm curious about different herbal tea blends that offer unique flavors and potential health benefits.",bad
Role: Redbull drink: Organizing events and gatherings requires a variety of beverage options to cater to different preferences and dietary restrictions. I'm in need of non-alcoholic drink suggestions that are suitable for guests of all ages and tastes.,good
"Role: Kist Stawberry Wafer buiscuit, User Description: As someone who enjoys snacking on biscuits but is conscious about sugar intake, I'm on the lookout for tasty yet low-sugar biscuit varieties. I'm interested in recommendations for healthier alternatives that still satisfy my cravings.",bad
"Role: Kist Stawberry Wafer buiscuit, User Description: With school lunches to prepare, I'm searching for biscuits that are both kid-friendly and nutritious. I need options that are lower in sugar and made with wholesome ingredients to keep my children energized throughout the day.",moderate
"Role: Kist Stawberry Wafer buiscuit, User Description: As someone who hits the gym regularly, I'm in need of convenient pre-workout snacks that provide a quick energy boost without weighing me down. I'm curious about biscuits that offer a balance of carbs and protein for optimal performance.",good
"Role: Kist Stawberry Wafer buiscuit, User Description: Following a gluten-free diet due to sensitivity or preference, I'm seeking gluten-free biscuit alternatives that don't compromise on taste or texture. I'm eager to discover new brands and flavors to add to my pantry.",good
"Role: Kist Stawberry Wafer buiscuit, User Description: Dealing with dental issues like sensitive teeth, I'm in search of soft biscuits that are gentle on my mouth yet still enjoyable to eat. I need options that are easy to chew and won't cause discomfort during snacking.",bad
"Role: Fanta Orange drink, User Description: With a demanding work schedule, I often rely on energy drinks to stay alert and focused. However, I'm aware of the potential health risks associated with excessive consumption and am looking for healthier alternatives to keep me energized throughout the day.",moderate
"Role: Fanta Orange drink, User Description: As a parent, I'm concerned about the amount of sugar in my children's beverages and want to make healthier choices for their hydration. I'm interested in sugar-free drink alternatives that are still flavorful and appealing to kids.",bad
"Role: Fanta Orange drink, User Description: Training for upcoming competitions requires intense physical exertion, leading to significant fluid and electrolyte loss. I'm searching for sports drinks that can help replenish electrolytes and hydrate my body effectively during workouts and competitions.",moderate
"Role:Fanta Orange drink, User Description: With a focus on holistic wellness, I'm exploring the benefits of herbal teas for hydration and relaxation. I'm curious about different herbal tea blends that offer unique flavors and potential health benefits.",bad
Role: Fanta Orange drink: Organizing events and gatherings requires a variety of beverage options to cater to different preferences and dietary restrictions. I'm in need of non-alcoholic drink suggestions that are suitable for guests of all ages and tastes.,good
"Role: Yeti Orange drink, User Description: With a demanding work schedule, I often rely on energy drinks to stay alert and focused. However, I'm aware of the potential health risks associated with excessive consumption and am looking for healthier alternatives to keep me energized throughout the day.",moderate
"Role: Yeti Orange drink, User Description: As a parent, I'm concerned about the amount of sugar in my children's beverages and want to make healthier choices for their hydration. I'm interested in sugar-free drink alternatives that are still flavorful and appealing to kids.",bad
"Role: Yeti Orange drink, User Description: Training for upcoming competitions requires intense physical exertion, leading to significant fluid and electrolyte loss. I'm searching for sports drinks that can help replenish electrolytes and hydrate my body effectively during workouts and competitions.",good
"Role:Yeti Orange drink, User Description: With a focus on holistic wellness, I'm exploring the benefits of herbal teas for hydration and relaxation. I'm curious about different herbal tea blends that offer unique flavors and potential health benefits.",bad
Role: Yeti Orange drink: Organizing events and gatherings requires a variety of beverage options to cater to different preferences and dietary restrictions. I'm in need of non-alcoholic drink suggestions that are suitable for guests of all ages and tastes.,bad
"Role: Aloe vera drink (Smak), User Description: With a demanding work schedule, I often rely on energy drinks to stay alert and focused. However, I'm aware of the potential health risks associated with excessive consumption and am looking for healthier alternatives to keep me energized throughout the day.",good
"Role: Aloe vera drink (Smak), User Description: As a parent, I'm concerned about the amount of sugar in my children's beverages and want to make healthier choices for their hydration. I'm interested in sugar-free drink alternatives that are still flavorful and appealing to kids.",good
"Role: Aloe vera drink (Smak), User Description: Training for upcoming competitions requires intense physical exertion, leading to significant fluid and electrolyte loss. I'm searching for sports drinks that can help replenish electrolytes and hydrate my body effectively during workouts and competitions.",moderate
"Role: Aloe vera drink (Smak), User Description: With a focus on holistic wellness, I'm exploring the benefits of herbal teas for hydration and relaxation. I'm curious about different herbal tea blends that offer unique flavors and potential health benefits.",good
Role: Aloe vera drink (Smak): Organizing events and gatherings requires a variety of beverage options to cater to different preferences and dietary restrictions. I'm in need of non-alcoholic drink suggestions that are suitable for guests of all ages and tastes.,good
"Role: Mango nectar (Smak), User Description: With a demanding work schedule, I often rely on energy drinks to stay alert and focused. However, I'm aware of the potential health risks associated with excessive consumption and am looking for healthier alternatives to keep me energized throughout the day.",good
"Role: Mango nectar (Smak), User Description: As a parent, I'm concerned about the amount of sugar in my children's beverages and want to make healthier choices for their hydration. I'm interested in sugar-free drink alternatives that are still flavorful and appealing to kids.",bad
"Role: Mango nectar (Smak), User Description: Training for upcoming competitions requires intense physical exertion, leading to significant fluid and electrolyte loss. I'm searching for sports drinks that can help replenish electrolytes and hydrate my body effectively during workouts and competitions.",bad
"Role: Mango nectar (Smak), User Description: With a focus on holistic wellness, I'm exploring the benefits of herbal teas for hydration and relaxation. I'm curious about different herbal tea blends that offer unique flavors and potential health benefits.",moderate
Role: Mango nectar (Smak): Organizing events and gatherings requires a variety of beverage options to cater to different preferences and dietary restrictions. I'm in need of non-alcoholic drink suggestions that are suitable for guests of all ages and tastes.,good
"Role: Mixed fruit nectar (Smak), User Description: With a demanding work schedule, I often rely on energy drinks to stay alert and focused. However, I'm aware of the potential health risks associated with excessive consumption and am looking for healthier alternatives to keep me energized throughout the day.",good
"Role: Mixed fruit nectar (Smak), User Description: As a parent, I'm concerned about the amount of sugar in my children's beverages and want to make healthier choices for their hydration. I'm interested in sugar-free drink alternatives that are still flavorful and appealing to kids.",bad
"Role: Mixed fruit nectar (Smak), User Description: Training for upcoming competitions requires intense physical exertion, leading to significant fluid and electrolyte loss. I'm searching for sports drinks that can help replenish electrolytes and hydrate my body effectively during workouts and competitions.",bad
"Role: Mixed fruit nectar (Smak), User Description: With a focus on holistic wellness, I'm exploring the benefits of herbal teas for hydration and relaxation. I'm curious about different herbal tea blends that offer unique flavors and potential health benefits.",moderate
Role: Mixed fruit nectar (Smak): Organizing events and gatherings requires a variety of beverage options to cater to different preferences and dietary restrictions. I'm in need of non-alcoholic drink suggestions that are suitable for guests of all ages and tastes.,good
"Role: Wood apple nectar (Smak), User Description: With a demanding work schedule, I often rely on energy drinks to stay alert and focused. However, I'm aware of the potential health risks associated with excessive consumption and am looking for healthier alternatives to keep me energized throughout the day.",good
"Role: Wood apple nectar (Smak), User Description: As a parent, I'm concerned about the amount of sugar in my children's beverages and want to make healthier choices for their hydration. I'm interested in sugar-free drink alternatives that are still flavorful and appealing to kids.",bad
"Role: Wood apple nectar (Smak), User Description: Training for upcoming competitions requires intense physical exertion, leading to significant fluid and electrolyte loss. I'm searching for sports drinks that can help replenish electrolytes and hydrate my body effectively during workouts and competitions.",bad
"Role: Wood apple nectar (Smak), User Description: With a focus on holistic wellness, I'm exploring the benefits of herbal teas for hydration and relaxation. I'm curious about different herbal tea blends that offer unique flavors and potential health benefits.",moderate
Role: Wood apple nectar (Smak): Organizing events and gatherings requires a variety of beverage options to cater to different preferences and dietary restrictions. I'm in need of non-alcoholic drink suggestions that are suitable for guests of all ages and tastes.,good
"Role: EGB, User Description: I've been diagnosed with Type 2 diabetes for about 3 years now. I'm trying to manage my blood sugar levels through diet and exercise, but I often struggle to find meals that are both tasty and suitable for my condition.",bad
"Role:  EGB, User Description: Despite being active and maintaining a regular workout routine, I recently found out that my cholesterol levels are higher than they should be. I'm looking for foods that can help me keep my cholesterol in check without compromising on flavor.",moderate
"Role:  EGB, User Description: As a pregnant woman with gestational diabetes, I'm constantly monitoring my blood sugar levels to ensure the health of both myself and my baby. I need recommendations for nutrient-rich foods that won't spike my blood sugar too much.",bad
"Role:  EGB, User Description: Juggling a demanding job and a hectic schedule, I often rely on quick and convenient meals. However, I've recently been diagnosed with hypertension and need to make healthier choices to manage my blood pressure effectively.",moderate
"Role:  EGB, User Description: As an athlete with celiac disease, fueling my body with the right foods is crucial for optimal performance. I'm seeking gluten-free options that provide the energy and nutrients I need to excel in my sport.",bad
"Role:  EGB, User Description: Having been diagnosed with osteoporosis, I'm mindful of my bone health and the importance of getting enough calcium and vitamin D in my diet. I'm looking for foods that are rich in these nutrients to support my bone strength.",bad
"Role: EGB, User Description: As a vegetarian with iron deficiency anemia, I'm aware of the challenges of meeting my nutritional needs without consuming meat. I need recommendations for plant-based sources of iron that are easy to incorporate into my meals.",bad
"Role:  EGB, User Description: Living with severe allergies to peanuts and dairy products, I'm constantly cautious about what I eat to avoid any potential reactions. I'm searching for allergen-free snacks and meals that are safe for me to enjoy.",good
"Role:  EGB, User Description: Dealing with the symptoms of irritable bowel syndrome (IBS) can be challenging, especially when it comes to finding foods that won't trigger flare-ups. I'm in need of low-FODMAP options that are gentle on my digestive system.",moderate
"Role: EGB, User Description: As a parent of a child with ADHD, I'm interested in learning about the impact of diet on behavior and focus. I'm seeking nutritious foods that can potentially help manage ADHD symptoms and support cognitive function.",moderate
"Role: EGB, User Description: As a college student, I'm eager to adopt healthier eating habits that support my academic success and overall well-being. I'm looking for budget-friendly meal ideas and snacks to keep me energized throughout the day.",good
"Role: EGB, User Description: With a passion for cooking and experimenting in the kitchen, I'm excited to discover new ways to incorporate nutritious ingredients into my meals. I'm seeking creative recipes and flavor combinations that prioritize health without sacrificing taste.",good
"Role: EGB sugar free, User Description: I've been diagnosed with Type 2 diabetes for about 3 years now. I'm trying to manage my blood sugar levels through diet and exercise, but I often struggle to find meals that are both tasty and suitable for my condition.",moderate
"Role:  EGB sugar free, User Description: Despite being active and maintaining a regular workout routine, I recently found out that my cholesterol levels are higher than they should be. I'm looking for foods that can help me keep my cholesterol in check without compromising on flavor.",good
"Role:  EGB sugar free, User Description: As a pregnant woman with gestational diabetes, I'm constantly monitoring my blood sugar levels to ensure the health of both myself and my baby. I need recommendations for nutrient-rich foods that won't spike my blood sugar too much.",moderate
"Role:  EGB sugar free, User Description: Juggling a demanding job and a hectic schedule, I often rely on quick and convenient meals. However, I've recently been diagnosed with hypertension and need to make healthier choices to manage my blood pressure effectively.",moderate
"Role:  EGB sugar free, User Description: As an athlete with celiac disease, fueling my body with the right foods is crucial for optimal performance. I'm seeking gluten-free options that provide the energy and nutrients I need to excel in my sport.",moderate
"Role:  EGB sugar free, User Description: Having been diagnosed with osteoporosis, I'm mindful of my bone health and the importance of getting enough calcium and vitamin D in my diet. I'm looking for foods that are rich in these nutrients to support my bone strength.",bad
"Role: EGB sugar free, User Description: As a vegetarian with iron deficiency anemia, I'm aware of the challenges of meeting my nutritional needs without consuming meat. I need recommendations for plant-based sources of iron that are easy to incorporate into my meals.",moderate
"Role:  EGB sugar free, User Description: Living with severe allergies to peanuts and dairy products, I'm constantly cautious about what I eat to avoid any potential reactions. I'm searching for allergen-free snacks and meals that are safe for me to enjoy.",good
"Role:  EGB sugar free, User Description: Dealing with the symptoms of irritable bowel syndrome (IBS) can be challenging, especially when it comes to finding foods that won't trigger flare-ups. I'm in need of low-FODMAP options that are gentle on my digestive system.",moderate
"Role: EGB sugar free, User Description: As a parent of a child with ADHD, I'm interested in learning about the impact of diet on behavior and focus. I'm seeking nutritious foods that can potentially help manage ADHD symptoms and support cognitive function.",moderate
"Role: EGB sugar free, User Description: As a college student, I'm eager to adopt healthier eating habits that support my academic success and overall well-being. I'm looking for budget-friendly meal ideas and snacks to keep me energized throughout the day.",good
"Role: EGB sugar free, User Description: With a passion for cooking and experimenting in the kitchen, I'm excited to discover new ways to incorporate nutritious ingredients into my meals. I'm seeking creative recipes and flavor combinations that prioritize health without sacrificing taste.",good
"Role: Pepsi, User Description: I've been diagnosed with Type 2 diabetes for about 3 years now. I'm trying to manage my blood sugar levels through diet and exercise, but I often struggle to find meals that are both tasty and suitable for my condition.",bad
"Role:  Pepsi, User Description: Despite being active and maintaining a regular workout routine, I recently found out that my cholesterol levels are higher than they should be. I'm looking for foods that can help me keep my cholesterol in check without compromising on flavor.",moderate
"Role:  Pepsi, User Description: As a pregnant woman with gestational diabetes, I'm constantly monitoring my blood sugar levels to ensure the health of both myself and my baby. I need recommendations for nutrient-rich foods that won't spike my blood sugar too much.",bad
"Role:  Pepsi, User Description: Juggling a demanding job and a hectic schedule, I often rely on quick and convenient meals. However, I've recently been diagnosed with hypertension and need to make healthier choices to manage my blood pressure effectively.",moderate
"Role:  Pepsi, User Description: As an athlete with celiac disease, fueling my body with the right foods is crucial for optimal performance. I'm seeking gluten-free options that provide the energy and nutrients I need to excel in my sport.",bad
"Role:  Pepsi, User Description: Having been diagnosed with osteoporosis, I'm mindful of my bone health and the importance of getting enough calcium and vitamin D in my diet. I'm looking for foods that are rich in these nutrients to support my bone strength.",bad
"Role: Pepsi, User Description: As a vegetarian with iron deficiency anemia, I'm aware of the challenges of meeting my nutritional needs without consuming meat. I need recommendations for plant-based sources of iron that are easy to incorporate into my meals.",bad
"Role:  Pepsi, User Description: Living with severe allergies to peanuts and dairy products, I'm constantly cautious about what I eat to avoid any potential reactions. I'm searching for allergen-free snacks and meals that are safe for me to enjoy.",good
"Role:  Pepsi, User Description: Dealing with the symptoms of irritable bowel syndrome (IBS) can be challenging, especially when it comes to finding foods that won't trigger flare-ups. I'm in need of low-FODMAP options that are gentle on my digestive system.",moderate
"Role: Pepsi, User Description: As a parent of a child with ADHD, I'm interested in learning about the impact of diet on behavior and focus. I'm seeking nutritious foods that can potentially help manage ADHD symptoms and support cognitive function.",moderate
"Role: Pepsi, User Description: As a college student, I'm eager to adopt healthier eating habits that support my academic success and overall well-being. I'm looking for budget-friendly meal ideas and snacks to keep me energized throughout the day.",good
"Role: Pepsi, User Description: With a passion for cooking and experimenting in the kitchen, I'm excited to discover new ways to incorporate nutritious ingredients into my meals. I'm seeking creative recipes and flavor combinations that prioritize health without sacrificing taste.",good
"Role: Ride, User Description: I've been diagnosed with Type 2 diabetes for about 3 years now. I'm trying to manage my blood sugar levels through diet and exercise, but I often struggle to find meals that are both tasty and suitable for my condition.",bad
"Role:  Ride, User Description: Despite being active and maintaining a regular workout routine, I recently found out that my cholesterol levels are higher than they should be. I'm looking for foods that can help me keep my cholesterol in check without compromising on flavor.",moderate
"Role:  Ride, User Description: As a pregnant woman with gestational diabetes, I'm constantly monitoring my blood sugar levels to ensure the health of both myself and my baby. I need recommendations for nutrient-rich foods that won't spike my blood sugar too much.",bad
"Role:  Ride, User Description: Juggling a demanding job and a hectic schedule, I often rely on quick and convenient meals. However, I've recently been diagnosed with hypertension and need to make healthier choices to manage my blood pressure effectively.",moderate
"Role:  Ride, User Description: As an athlete with celiac disease, fueling my body with the right foods is crucial for optimal performance. I'm seeking gluten-free options that provide the energy and nutrients I need to excel in my sport.",bad
"Role:  Ride, User Description: Having been diagnosed with osteoporosis, I'm mindful of my bone health and the importance of getting enough calcium and vitamin D in my diet. I'm looking for foods that are rich in these nutrients to support my bone strength.",bad
"Role:  Ride, User Description: As a vegetarian with iron deficiency anemia, I'm aware of the challenges of meeting my nutritional needs without consuming meat. I need recommendations for plant-based sources of iron that are easy to incorporate into my meals.",bad
"Role:  Ride, User Description: Living with severe allergies to peanuts and dairy products, I'm constantly cautious about what I eat to avoid any potential reactions. I'm searching for allergen-free snacks and meals that are safe for me to enjoy.",good
"Role:  Ride, User Description: Dealing with the symptoms of irritable bowel syndrome (IBS) can be challenging, especially when it comes to finding foods that won't trigger flare-ups. I'm in need of low-FODMAP options that are gentle on my digestive system.",moderate
"Role: Ride, User Description: As a parent of a child with ADHD, I'm interested in learning about the impact of diet on behavior and focus. I'm seeking nutritious foods that can potentially help manage ADHD symptoms and support cognitive function.",moderate
"Role: Ride, User Description: As a college student, I'm eager to adopt healthier eating habits that support my academic success and overall well-being. I'm looking for budget-friendly meal ideas and snacks to keep me energized throughout the day.",good
"Role: Ride, User Description: With a passion for cooking and experimenting in the kitchen, I'm excited to discover new ways to incorporate nutritious ingredients into my meals. I'm seeking creative recipes and flavor combinations that prioritize health without sacrificing taste.",good
"Role: Ride sugar free, User Description: I've been diagnosed with Type 2 diabetes for about 3 years now. I'm trying to manage my blood sugar levels through diet and exercise, but I often struggle to find meals that are both tasty and suitable for my condition.",moderate
"Role:  Ride sugar free, User Description: Despite being active and maintaining a regular workout routine, I recently found out that my cholesterol levels are higher than they should be. I'm looking for foods that can help me keep my cholesterol in check without compromising on flavor.",good
"Role:  Ride sugar free, User Description: As a pregnant woman with gestational diabetes, I'm constantly monitoring my blood sugar levels to ensure the health of both myself and my baby. I need recommendations for nutrient-rich foods that won't spike my blood sugar too much.",moderate
"Role:  Ride sugar free, User Description: Juggling a demanding job and a hectic schedule, I often rely on quick and convenient meals. However, I've recently been diagnosed with hypertension and need to make healthier choices to manage my blood pressure effectively.",moderate
"Role:  Ride sugar free, User Description: As an athlete with celiac disease, fueling my body with the right foods is crucial for optimal performance. I'm seeking gluten-free options that provide the energy and nutrients I need to excel in my sport.",moderate
"Role:  Ride sugar free, User Description: Having been diagnosed with osteoporosis, I'm mindful of my bone health and the importance of getting enough calcium and vitamin D in my diet. I'm looking for foods that are rich in these nutrients to support my bone strength.",bad
"Role: Ride sugar free, User Description: As a vegetarian with iron deficiency anemia, I'm aware of the challenges of meeting my nutritional needs without consuming meat. I need recommendations for plant-based sources of iron that are easy to incorporate into my meals.",moderate
"Role:  Ride sugar free, User Description: Living with severe allergies to peanuts and dairy products, I'm constantly cautious about what I eat to avoid any potential reactions. I'm searching for allergen-free snacks and meals that are safe for me to enjoy.",good
"Role:  Ride sugar free, User Description: Dealing with the symptoms of irritable bowel syndrome (IBS) can be challenging, especially when it comes to finding foods that won't trigger flare-ups. I'm in need of low-FODMAP options that are gentle on my digestive system.",moderate
"Role: Ride sugar free, User Description: As a parent of a child with ADHD, I'm interested in learning about the impact of diet on behavior and focus. I'm seeking nutritious foods that can potentially help manage ADHD symptoms and support cognitive function.",moderate
"Role: Ride sugar free, User Description: As a college student, I'm eager to adopt healthier eating habits that support my academic success and overall well-being. I'm looking for budget-friendly meal ideas and snacks to keep me energized throughout the day.",good
"Role: Ride sugar free, User Description: With a passion for cooking and experimenting in the kitchen, I'm excited to discover new ways to incorporate nutritious ingredients into my meals. I'm seeking creative recipes and flavor combinations that prioritize health without sacrificing taste.",good
"Role: Sprite, User Description: I've been diagnosed with Type 2 diabetes for about 3 years now. I'm trying to manage my blood sugar levels through diet and exercise, but I often struggle to find meals that are both tasty and suitable for my condition.",bad
"Role:  Sprite, User Description: Despite being active and maintaining a regular workout routine, I recently found out that my cholesterol levels are higher than they should be. I'm looking for foods that can help me keep my cholesterol in check without compromising on flavor.",moderate
"Role:  Sprite, User Description: As a pregnant woman with gestational diabetes, I'm constantly monitoring my blood sugar levels to ensure the health of both myself and my baby. I need recommendations for nutrient-rich foods that won't spike my blood sugar too much.",bad
"Role:  Sprite, User Description: Juggling a demanding job and a hectic schedule, I often rely on quick and convenient meals. However, I've recently been diagnosed with hypertension and need to make healthier choices to manage my blood pressure effectively.",moderate
"Role:  Sprite, User Description: As an athlete with celiac disease, fueling my body with the right foods is crucial for optimal performance. I'm seeking gluten-free options that provide the energy and nutrients I need to excel in my sport.",bad
"Role:  Sprite, User Description: Having been diagnosed with osteoporosis, I'm mindful of my bone health and the importance of getting enough calcium and vitamin D in my diet. I'm looking for foods that are rich in these nutrients to support my bone strength.",bad
"Role:  Sprite, User Description: As a vegetarian with iron deficiency anemia, I'm aware of the challenges of meeting my nutritional needs without consuming meat. I need recommendations for plant-based sources of iron that are easy to incorporate into my meals.",bad
"Role:  Sprite, User Description: Living with severe allergies to peanuts and dairy products, I'm constantly cautious about what I eat to avoid any potential reactions. I'm searching for allergen-free snacks and meals that are safe for me to enjoy.",good
"Role:  Sprite, User Description: Dealing with the symptoms of irritable bowel syndrome (IBS) can be challenging, especially when it comes to finding foods that won't trigger flare-ups. I'm in need of low-FODMAP options that are gentle on my digestive system.",moderate
"Role: Sprite, User Description: As a parent of a child with ADHD, I'm interested in learning about the impact of diet on behavior and focus. I'm seeking nutritious foods that can potentially help manage ADHD symptoms and support cognitive function.",moderate
"Role: Sprite, User Description: As a college student, I'm eager to adopt healthier eating habits that support my academic success and overall well-being. I'm looking for budget-friendly meal ideas and snacks to keep me energized throughout the day.",good
"Role: Sprite, User Description: With a passion for cooking and experimenting in the kitchen, I'm excited to discover new ways to incorporate nutritious ingredients into my meals. I'm seeking creative recipes and flavor combinations that prioritize health without sacrificing taste.",good
"Role: Sprite sugar free, User Description: I've been diagnosed with Type 2 diabetes for about 3 years now. I'm trying to manage my blood sugar levels through diet and exercise, but I often struggle to find meals that are both tasty and suitable for my condition.",moderate
"Role:  Sprite sugar free, User Description: Despite being active and maintaining a regular workout routine, I recently found out that my cholesterol levels are higher than they should be. I'm looking for foods that can help me keep my cholesterol in check without compromising on flavor.",good
"Role:  Sprite sugar free, User Description: As a pregnant woman with gestational diabetes, I'm constantly monitoring my blood sugar levels to ensure the health of both myself and my baby. I need recommendations for nutrient-rich foods that won't spike my blood sugar too much.",moderate
"Role:  Sprite sugar free, User Description: Juggling a demanding job and a hectic schedule, I often rely on quick and convenient meals. However, I've recently been diagnosed with hypertension and need to make healthier choices to manage my blood pressure effectively.",moderate
"Role:  Sprite sugar free, User Description: As an athlete with celiac disease, fueling my body with the right foods is crucial for optimal performance. I'm seeking gluten-free options that provide the energy and nutrients I need to excel in my sport.",moderate
"Role:  Sprite sugar free, User Description: Having been diagnosed with osteoporosis, I'm mindful of my bone health and the importance of getting enough calcium and vitamin D in my diet. I'm looking for foods that are rich in these nutrients to support my bone strength.",bad
"Role: Sprite sugar free, User Description: As a vegetarian with iron deficiency anemia, I'm aware of the challenges of meeting my nutritional needs without consuming meat. I need recommendations for plant-based sources of iron that are easy to incorporate into my meals.",moderate
"Role:  Sprite sugar free, User Description: Living with severe allergies to peanuts and dairy products, I'm constantly cautious about what I eat to avoid any potential reactions. I'm searching for allergen-free snacks and meals that are safe for me to enjoy.",good
"Role:  Sprite sugar free, User Description: Dealing with the symptoms of irritable bowel syndrome (IBS) can be challenging, especially when it comes to finding foods that won't trigger flare-ups. I'm in need of low-FODMAP options that are gentle on my digestive system.",moderate
"Role: Sprite sugar free, User Description: As a parent of a child with ADHD, I'm interested in learning about the impact of diet on behavior and focus. I'm seeking nutritious foods that can potentially help manage ADHD symptoms and support cognitive function.",moderate
"Role: Sprite sugar free, User Description: As a college student, I'm eager to adopt healthier eating habits that support my academic success and overall well-being. I'm looking for budget-friendly meal ideas and snacks to keep me energized throughout the day.",good
"Role: Sprite sugar free, User Description: With a passion for cooking and experimenting in the kitchen, I'm excited to discover new ways to incorporate nutritious ingredients into my meals. I'm seeking creative recipes and flavor combinations that prioritize health without sacrificing taste.",good
"Role: Redbull Sugarfree, User Description: With a demanding work schedule, I often rely on energy drinks to stay alert and focused. However, I'm aware of the potential health risks associated with excessive consumption and am looking for healthier alternatives to keep me energized throughout the day.",moderate
"Role: Redbull Sugarfree, User Description: As a parent, I'm concerned about the amount of sugar in my children's beverages and want to make healthier choices for their hydration. I'm interested in sugar-free drink alternatives that are still flavorful and appealing to kids.",good
"Role: Redbull Sugarfree, User Description: Training for upcoming competitions requires intense physical exertion, leading to significant fluid and electrolyte loss. I'm searching for sports drinks that can help replenish electrolytes and hydrate my body effectively during workouts and competitions.",good
"Role:Redbull Sugarfree, User Description: With a focus on holistic wellness, I'm exploring the benefits of herbal teas for hydration and relaxation. I'm curious about different herbal tea blends that offer unique flavors and potential health benefits.",bad
Role: Redbull Sugarfree: Organizing events and gatherings requires a variety of beverage options to cater to different preferences and dietary restrictions. I'm in need of non-alcoholic drink suggestions that are suitable for guests of all ages and tastes.,good
"Role: Munchee Super Cream Cracker, User Description: As someone who enjoys snacking on biscuits but is conscious about sugar intake, I'm on the lookout for tasty yet low-sugar biscuit varieties. I'm interested in recommendations for healthier alternatives that still satisfy my cravings.",good
"Role: Munchee Super Cream Cracker, User Description: With school lunches to prepare, I'm searching for biscuits that are both kid-friendly and nutritious. I need options that are lower in sugar and made with wholesome ingredients to keep my children energized throughout the day.",good
"Role: Munchee Super Cream Cracker, User Description: As someone who hits the gym regularly, I'm in need of convenient pre-workout snacks that provide a quick energy boost without weighing me down. I'm curious about biscuits that offer a balance of carbs and protein for optimal performance.",moderate
"Role: Munchee Super Cream Cracker, User Description: Following a gluten-free diet due to sensitivity or preference, I'm seeking gluten-free biscuit alternatives that don't compromise on taste or texture. I'm eager to discover new brands and flavors to add to my pantry.",moderate
"Role: Munchee Super Cream Cracker, User Description: Dealing with dental issues like sensitive teeth, I'm in search of soft biscuits that are gentle on my mouth yet still enjoyable to eat. I need options that are easy to chew and won't cause discomfort during snacking.",bad
"Role: Munchee Ginger biscuits, User Description: As someone who enjoys snacking on biscuits but is conscious about sugar intake, I'm on the lookout for tasty yet low-sugar biscuit varieties. I'm interested in recommendations for healthier alternatives that still satisfy my cravings.",moderate
"Role: Munchee Ginger biscuits, User Description: With school lunches to prepare, I'm searching for biscuits that are both kid-friendly and nutritious. I need options that are lower in sugar and made with wholesome ingredients to keep my children energized throughout the day.",bad
"Role: Munchee Ginger biscuits, User Description: As someone who hits the gym regularly, I'm in need of convenient pre-workout snacks that provide a quick energy boost without weighing me down. I'm curious about biscuits that offer a balance of carbs and protein for optimal performance.",good
"Role: Munchee Ginger biscuits, User Description: Following a gluten-free diet due to sensitivity or preference, I'm seeking gluten-free biscuit alternatives that don't compromise on taste or texture. I'm eager to discover new brands and flavors to add to my pantry.",moderate
"Role: Munchee Ginger biscuits, User Description: Dealing with dental issues like sensitive teeth, I'm in search of soft biscuits that are gentle on my mouth yet still enjoyable to eat. I need options that are easy to chew and won't cause discomfort during snacking.",bad
